feature,fp0_mean,tn0_mean,signed_diff,abs_diff
lead_utm_id_3,1.0266844846071878e+16,1.207890693625393e+16,-1812062090182052.0,1812062090182052.0
lead_utm_id_1,394859772.8341875,53299841.33471855,341559931.499469,341559931.499469
lead_length,20.924329213144407,24.071968265961466,-3.147639052817059,3.147639052817059
lead_creation_date_quarter,0.5324088031353633,-0.2561390253116736,0.7885478284470369,0.7885478284470369
lead_utm_campaign_missing,0.1608381067229424,0.7138269739327541,-0.5529888672098117,0.5529888672098117
delivery_cost_missing,0.7668073560446186,0.9737438609746883,-0.20693650493006976,0.20693650493006976
lead_group_missing,0.5444678926741031,0.7098602191159804,-0.1653923264418773,0.1653923264418773
has_weight,0.569942719324691,0.6956932376275028,-0.1257505183028118,0.1257505183028118
