cluster,size,share,mean_p0,mean_p1,lead_utm_group_top,lead_utm_group_top_share,lead_utm_referrer_top,lead_utm_referrer_top_share,lead_tags_top,lead_tags_top_share,lead_utm_referrer_site_top,lead_utm_referrer_site_top_share,lead_utm_device_type_top,lead_utm_device_type_top_share,lead_payment_type_top,lead_payment_type_top_share,lead_delivery_type_top,lead_delivery_type_top_share,lead_height_bin_top,lead_height_bin_top_share
0,1006,0.1516430509496533,0.19394727069400766,0.8060527293059924,dem,0.3518886679920477,unknown,0.6441351888667992,ВХОДЯЩИЙ,0.4393638170974155,unknown,0.6361829025844931,unknown,0.9910536779324056,cash_on_delivery,0.9960238568588469,pickup_point,0.42047713717693835,unknown,0.5318091451292246
1,2620,0.39493518239372927,0.2188421043066047,0.7811578956933953,dem,0.6442748091603053,varikoz,0.40610687022900765,tilda,0.8740458015267175,artraid,0.9530534351145038,mobile,0.7041984732824428,cash_on_delivery,1.0,pickup_point,0.8244274809160306,medium,0.6805343511450381
2,1141,0.17199276454627677,0.24425407868604845,0.7557459213139516,yur,0.4268185801928133,unknown,0.3619631901840491,tilda,0.5328659070990359,artraid,0.6459246275197196,mobile,0.7011393514461,cash_on_delivery,1.0,post,0.9964943032427696,unknown,0.9921121822962313
3,1867,0.28142900211034066,0.18106186336086227,0.8189381366391376,yur,0.8944831280128549,unknown,0.695232994108195,Callibri,0.4611676486341725,unknown,0.37118371719335835,mobile,0.915907873594001,cash_on_delivery,0.9994643813604713,pickup_point,0.8050348152115694,unknown,0.6373861810391002
