{
  "threshold": 0.5,
  "pr_auc_1": 0.9328736495744409,
  "pr_auc_0": 0.40306631887364824,
  "roc_auc": 0.7467468682793393,
  "precision_0": 0.2846715328467153,
  "recall_0": 0.7413594470046083,
  "precision_1": 0.9190115440115441,
  "recall_1": 0.6117180934085724
}